url,headline,img_path
/en/news-in-english/19/3024347/lithuania-s-border-guard-chief-resigns-after-cover-up-claims-over-migrant-attack,Lithuania’s border guard chief resigns after cover-up claims over migrant attack,/img/2025/10/23/2220588-51285-150x84.jpg
/en/news-in-english/19/3024326/lithuanian-court-issues-first-ruling-under-eu-migration-pact,Lithuanian court issues first ruling under EU migration pact,/img/2026/05/13/2388911-256160-150x84.jpg
/en/news-in-english/19/3024283/lithuanian-ministers-briefed-on-link-between-leipzig-drone-incident-and-incendiary-parcels,Lithuanian ministers briefed on link between Leipzig drone incident and incendiary parcels,/img/2026/08/14/2463332-101149-150x84.jpg
/en/news-in-english/19/3024207/moscow-court-sentences-lithuanian-man-for-removing-plaques-on-soviet-burial-site,Moscow court sentences Lithuanian man for removing plaques on Soviet burial site,/img/2022/05/03/1251749-590400-150x84.jpg
/en/news-in-english/19/3024133/lithuanian-firefighters-return-from-wildfire-mission-in-southern-france,Lithuanian firefighters return from wildfire mission in southern France,/img/2026/08/16/2464073-545041-150x84.jpg
/en/news-in-english/19/3024085/corgi-races-draw-dogs-and-owners-from-nine-countries-to-vilnius,Corgi races draw dogs and owners from nine countries to Vilnius,/img/2026/08/15/2463782-585059-150x84.jpg
/en/news-in-english/19/3024059/polish-teenager-drowns-in-off-the-coast-of-lithuania-s-palanga,Polish teenager drowns in off the coast of Lithuania’s Palanga,/img/2019/07/28/481386-915027-150x84.jpg
/en/news-in-english/19/3024053/baltic-medical-teams-return-from-ukraine-after-two-week-training-mission,Baltic medical teams return from Ukraine after two-week training mission,/img/2026/08/16/2464289-230592-150x84.jpg
/en/news-in-english/19/3021351/integration-or-electioneering-vilnius-clampdown-on-russian-language-sparks-debate,Integration or electioneering? Vilnius’ clampdown on Russian language sparks debate,/img/2026/05/26/2398991-659416-150x84.jpg
/en/news-in-english/19/3018124/the-1991-treaty-that-still-haunts-the-kremlin,The 1991 treaty that still haunts the Kremlin,/img/2021/11/05/1101473-1370-150x84.jpg
/en/news-in-english/19/3020239/kedainiai-a-lithuanian-cultural-capital-shaped-by-scots-and-the-radziwills,Kėdainiai: A Lithuanian cultural capital shaped by Scots and the Radziwills,/img/2026/07/28/2449841-145334-150x84.jpg
/en/news-in-english/19/3021326/ministry-moves-to-save-cold-war-era-underground-printing-press-near-kaunas,Ministry moves to save Cold War-era underground printing press near Kaunas,/img/2026/08/12/2461289-944605-150x84.jpg
/en/news-in-english/19/3021335/demand-for-free-lithuanian-language-courses-far-exceeds-places-in-vilnius,Demand for free Lithuanian language courses far exceeds places in Vilnius,/img/2023/04/19/1493752-398723-150x84.jpg
/en/news-in-english/19/3021362/committee-chair-says-threat-level-unchanged-despite-warnings-of-russia-s-possible-attacks,Committee chair says threat level unchanged despite warnings of Russia’s possible attacks,/img/2026/03/06/2337544-763222-150x84.jpg
/en/news-in-english/19/3021276/ukraine-s-demz-signs-deal-with-lithuania-on-ammunition-production,Ukraine’s DEMZ signs deal with Lithuania on ammunition production,/img/2026/08/14/2462907-232147-150x84.jpg
/en/news-in-english/19/3021238/us-presses-lithuania-on-international-criminal-court-sources,US presses Lithuania on International Criminal Court – sources,/img/2026/08/14/2462875-133247-150x84.jpg
/en/news-in-english/19/3024347/lithuania-s-border-guard-chief-resigns-after-cover-up-claims-over-migrant-attack,Lithuania’s border guard chief resigns after cover-up claims over migrant attack,
/en/news-in-english/19/3021351/integration-or-electioneering-vilnius-clampdown-on-russian-language-sparks-debate,Integration or electioneering? Vilnius’ clampdown on Russian language sparks debate,
/en/news-in-english/19/3024326/lithuanian-court-issues-first-ruling-under-eu-migration-pact,Lithuanian court issues first ruling under EU migration pact,/img/2026/05/13/2388911-256160-393x221.jpg
/en/news-in-english/19/3024283/lithuanian-ministers-briefed-on-link-between-leipzig-drone-incident-and-incendiary-parcels,Lithuanian ministers briefed on link between Leipzig drone incident and incendiary parcels,/img/2026/08/14/2463332-101149-393x221.jpg
/en/news-in-english/19/3024207/moscow-court-sentences-lithuanian-man-for-removing-plaques-on-soviet-burial-site,Moscow court sentences Lithuanian man for removing plaques on Soviet burial site,/img/2022/05/03/1251749-590400-393x221.jpg
/en/news-in-english/19/3024347/lithuania-s-border-guard-chief-resigns-after-cover-up-claims-over-migrant-attack,Lithuania’s border guard chief resigns after cover-up claims over migrant attack,/img/2025/10/23/2220588-51285-615x345.jpg
/en/news-in-english/19/3024326/lithuanian-court-issues-first-ruling-under-eu-migration-pact,Lithuanian court issues first ruling under EU migration pact,/img/2026/05/13/2388911-256160-393x221.jpg
/en/news-in-english/19/3024283/lithuanian-ministers-briefed-on-link-between-leipzig-drone-incident-and-incendiary-parcels,Lithuanian ministers briefed on link between Leipzig drone incident and incendiary parcels,/img/2026/08/14/2463332-101149-393x221.jpg
/en/news-in-english/19/3024133/lithuanian-firefighters-return-from-wildfire-mission-in-southern-france,Lithuanian firefighters return from wildfire mission in southern France,/img/2026/08/16/2464073-545041-393x221.jpg
/en/news-in-english/19/3024059/polish-teenager-drowns-in-off-the-coast-of-lithuania-s-palanga,Polish teenager drowns in off the coast of Lithuania’s Palanga,/img/2019/07/28/481386-915027-393x221.jpg
/en/news-in-english/19/3024207/moscow-court-sentences-lithuanian-man-for-removing-plaques-on-soviet-burial-site,Moscow court sentences Lithuanian man for removing plaques on Soviet burial site,/img/2022/05/03/1251749-590400-615x345.jpg
/en/news-in-english/19/3021276/ukraine-s-demz-signs-deal-with-lithuania-on-ammunition-production,Ukraine’s DEMZ signs deal with Lithuania on ammunition production,/img/2026/08/14/2462907-232147-615x345.jpg
/en/news-in-english/19/3021167/lithuanian-border-guard-injured-in-migrant-incident-near-belarus-border,Lithuanian border guard injured in migrant incident near Belarus border,/img/2025/04/19/2049668-95042-615x345.jpg
/en/news-in-english/19/3020185/ukrainian-defence-company-demz-to-invest-in-ammunition-plant-in-lithuania,Ukrainian defence company DEMZ to invest in ammunition plant in Lithuania,/img/2025/05/16/2073784-719336-615x345.jpg
/en/news-in-english/19/3021125/saudi-food-giant-eyes-investment-in-lithuania-s-shrinking-dairy-sector,Saudi food giant eyes investment in Lithuania’s shrinking dairy sector,/img/2025/02/21/2000113-896456-615x345.jpg
/en/news-in-english/19/3019261/not-doomed-but-very-risky-airbaltic-s-financial-troubles-deepen-as-s-p-cuts-credit-rating,Not doomed but very risky: airBaltic’s financial troubles deepen as S&P cuts credit rating,/img/2026/08/12/2461124-845724-615x345.jpg
/en/news-in-english/19/3018185/lithuania-is-getting-ready-for-eu-council-presidency,Lithuania is getting ready for EU Council presidency,/img/2025/03/18/2019154-698140-615x345.jpg
/en/news-in-english/19/3018302/as-airbaltic-cuts-flights-lithuanian-pm-says-keeping-air-links-key-ahead-of-eu-presidency,"As airBaltic cuts flights, Lithuanian PM says keeping air links key ahead of EU presidency",/img/2025/01/02/1956611-643441-615x345.jpg
/en/news-in-english/19/3024085/corgi-races-draw-dogs-and-owners-from-nine-countries-to-vilnius,Corgi races draw dogs and owners from nine countries to Vilnius,/img/2026/08/15/2463782-585059-615x345.jpg
/en/news-in-english/19/3020239/kedainiai-a-lithuanian-cultural-capital-shaped-by-scots-and-the-radziwills,Kėdainiai: A Lithuanian cultural capital shaped by Scots and the Radziwills,/img/2026/07/28/2449841-145334-615x345.jpg
/en/news-in-english/19/3021326/ministry-moves-to-save-cold-war-era-underground-printing-press-near-kaunas,Ministry moves to save Cold War-era underground printing press near Kaunas,/img/2026/08/12/2461289-944605-615x345.jpg
/en/news-in-english/19/3021335/demand-for-free-lithuanian-language-courses-far-exceeds-places-in-vilnius,Demand for free Lithuanian language courses far exceeds places in Vilnius,/img/2023/04/19/1493752-398723-615x345.jpg
/en/news-in-english/19/3021351/integration-or-electioneering-vilnius-clampdown-on-russian-language-sparks-debate,Integration or electioneering? Vilnius’ clampdown on Russian language sparks debate,/img/2026/05/26/2398991-659416-615x345.jpg
/en/news-in-english/19/3018124/the-1991-treaty-that-still-haunts-the-kremlin,The 1991 treaty that still haunts the Kremlin,/img/2021/11/05/1101473-1370-615x345.jpg
/en/news-in-english/19/3020325/lrt-english-newsletter-enduring-sins,LRT English Newsletter: Enduring sins,/img/2022/12/28/1417046-962174-615x345.jpg
/en/news-in-english/19/3017289/a-600-year-old-mystery-will-lithuania-finally-find-the-remains-of-vytautas-the-great,A 600-year-old mystery: Will Lithuania finally find the remains of Vytautas the Great?,/img/2020/07/03/679503-33166-615x345.jpg
